scenario,label,E[RTT_1]_ms,E[RTT_inf]_ms,rho,graph,policy,avg_hops_per_walk,miss_rate,walks_sum,walk_per_start_s,sim_time_per_start_s,total_per_start_s,walk_sum_s,sim_time_sum_s,total_sum_s,hops_sum,auth_calls_sum,rt_count_sum,n_valid,memo_diff_per_start_s,memo_ratio
A1,"A1: 国内深部 → A緩収束 (下から, ρ=0.92)",13.90,39.00,0.92,amazon0601,none,25.54,1.0102,500,30.5984,171.2845,201.8830,152.992,856.423,1009.415,12772,15701,28473,5,+51.7627,1.3448
A1,"A1: 国内深部 → A緩収束 (下から, ρ=0.92)",13.90,39.00,0.92,amazon0601,memo,25.54,0.4612,500,28.1551,121.9651,150.1202,140.775,609.826,750.601,12772,7424,20196,5,+0.0000,1.0000
A1,"A1: 国内深部 → A緩収束 (下から, ρ=0.92)",13.90,39.00,0.92,amazon0601,lru,25.54,0.5471,500,28.5102,130.2249,158.7352,142.551,651.125,793.676,12772,8794,21566,5,+8.6149,1.0574
A1,"A1: 国内深部 → A緩収束 (下から, ρ=0.92)",13.90,39.00,0.92,amazon0601,arc,25.54,0.5397,500,28.4459,129.7395,158.1854,142.230,648.697,790.927,12772,8706,21478,5,+8.0652,1.0537
A1,"A1: 国内深部 → A緩収束 (下から, ρ=0.92)",13.90,39.00,0.92,vldb,none,103.37,1.1873,400,40.5276,809.4462,849.9739,162.110,3237.785,3399.895,41348,48709,90057,4,+241.0544,1.3959
A1,"A1: 国内深部 → A緩収束 (下から, ρ=0.92)",13.90,39.00,0.92,vldb,memo,103.37,0.5532,400,32.6166,576.3029,608.9195,130.466,2305.212,2435.678,41348,22757,64105,4,+0.0000,1.0000
A1,"A1: 国内深部 → A緩収束 (下から, ρ=0.92)",13.90,39.00,0.92,vldb,lru,103.37,0.6520,400,34.0095,612.4487,646.4581,136.038,2449.795,2585.833,41348,26782,68130,4,+37.5386,1.0616
A1,"A1: 国内深部 → A緩収束 (下から, ρ=0.92)",13.90,39.00,0.92,vldb,arc,103.37,0.6527,400,34.2125,612.6888,646.9012,136.850,2450.755,2587.605,41348,26809,68157,4,+37.9817,1.0624
A2,"A2: 国際スタート → A中速収束 (上から, ρ=0.80)",139.00,39.00,0.8,amazon0601,none,25.54,1.0102,500,30.5984,312.0649,342.6634,152.992,1560.325,1713.317,12772,15701,28473,5,+94.2706,1.3795
A2,"A2: 国際スタート → A中速収束 (上から, ρ=0.80)",139.00,39.00,0.8,amazon0601,memo,25.54,0.4612,500,28.1551,220.2377,248.3928,140.775,1101.189,1241.964,12772,7424,20196,5,+0.0000,1.0000
A2,"A2: 国際スタート → A中速収束 (上から, ρ=0.80)",139.00,39.00,0.8,amazon0601,lru,25.54,0.5471,500,28.5102,235.1984,263.7087,142.551,1175.992,1318.543,12772,8794,21566,5,+15.3159,1.0617
A2,"A2: 国際スタート → A中速収束 (上から, ρ=0.80)",139.00,39.00,0.8,amazon0601,arc,25.54,0.5397,500,28.4459,234.1421,262.5880,142.230,1170.710,1312.940,12772,8706,21478,5,+14.1952,1.0571
A2,"A2: 国際スタート → A中速収束 (上から, ρ=0.80)",139.00,39.00,0.8,vldb,none,103.37,1.1873,400,40.5276,987.4205,1027.9481,162.110,3949.682,4111.792,41348,48709,90057,4,+292.6461,1.3980
A2,"A2: 国際スタート → A中速収束 (上から, ρ=0.80)",139.00,39.00,0.8,vldb,memo,103.37,0.5532,400,32.6166,702.6854,735.3020,130.466,2810.742,2941.208,41348,22757,64105,4,+0.0000,1.0000
A2,"A2: 国際スタート → A中速収束 (上から, ρ=0.80)",139.00,39.00,0.8,vldb,lru,103.37,0.6520,400,34.0095,746.8675,780.8770,136.038,2987.470,3123.508,41348,26782,68130,4,+45.5750,1.0620
A2,"A2: 国際スタート → A中速収束 (上から, ρ=0.80)",139.00,39.00,0.8,vldb,arc,103.37,0.6527,400,34.2125,747.1676,781.3801,136.850,2988.670,3125.520,41348,26809,68157,4,+46.0781,1.0627
B1,"B1: 強局所 → B緩収束 (下から, ρ=0.92)",27.00,73.00,0.92,amazon0601,none,25.54,1.0102,500,30.5984,322.5973,353.1957,152.992,1612.986,1765.979,12772,15701,28473,5,+95.3555,1.3698
B1,"B1: 強局所 → B緩収束 (下から, ρ=0.92)",27.00,73.00,0.92,amazon0601,memo,25.54,0.4612,500,28.1551,229.6852,257.8402,140.775,1148.426,1289.201,12772,7424,20196,5,+0.0000,1.0000
B1,"B1: 強局所 → B緩収束 (下から, ρ=0.92)",27.00,73.00,0.92,amazon0601,lru,25.54,0.5471,500,28.5102,245.2407,273.7510,142.551,1226.204,1368.755,12772,8794,21566,5,+15.9107,1.0617
B1,"B1: 強局所 → B緩収束 (下から, ρ=0.92)",27.00,73.00,0.92,amazon0601,arc,25.54,0.5397,500,28.4459,244.3242,272.7701,142.230,1221.621,1363.851,12772,8706,21478,5,+14.9299,1.0579
B1,"B1: 強局所 → B緩収束 (下から, ρ=0.92)",27.00,73.00,0.92,vldb,none,103.37,1.1873,400,40.5276,1517.8017,1558.3293,162.110,6071.207,6233.317,41348,48709,90057,4,+445.0857,1.3998
B1,"B1: 強局所 → B緩収束 (下から, ρ=0.92)",27.00,73.00,0.92,vldb,memo,103.37,0.5532,400,32.6166,1080.6271,1113.2437,130.466,4322.508,4452.975,41348,22757,64105,4,+0.0000,1.0000
B1,"B1: 強局所 → B緩収束 (下から, ρ=0.92)",27.00,73.00,0.92,vldb,lru,103.37,0.6520,400,34.0095,1148.4057,1182.4152,136.038,4593.623,4729.661,41348,26782,68130,4,+69.1715,1.0621
B1,"B1: 強局所 → B緩収束 (下から, ρ=0.92)",27.00,73.00,0.92,vldb,arc,103.37,0.6527,400,34.2125,1148.8561,1183.0685,136.850,4595.424,4732.274,41348,26809,68157,4,+69.8249,1.0627
B2,"B2: 強国際 → B中速収束 (上から, ρ=0.80)",162.50,73.00,0.8,amazon0601,none,25.54,1.0102,500,30.5984,496.2339,526.8323,152.992,2481.170,2634.162,12772,15701,28473,5,+147.6912,1.3895
B2,"B2: 強国際 → B中速収束 (上から, ρ=0.80)",162.50,73.00,0.8,amazon0601,memo,25.54,0.4612,500,28.1551,350.9861,379.1412,140.775,1754.930,1895.706,12772,7424,20196,5,+0.0000,1.0000
B2,"B2: 強国際 → B中速収束 (上から, ρ=0.80)",162.50,73.00,0.8,amazon0601,lru,25.54,0.5471,500,28.5102,374.8139,403.3242,142.551,1874.070,2016.621,12772,8794,21566,5,+24.1830,1.0638
B2,"B2: 強国際 → B中速収束 (上から, ρ=0.80)",162.50,73.00,0.8,amazon0601,arc,25.54,0.5397,500,28.4459,373.1980,401.6439,142.230,1865.990,2008.220,12772,8706,21478,5,+22.5028,1.0594
B2,"B2: 強国際 → B中速収束 (上から, ρ=0.80)",162.50,73.00,0.8,vldb,none,103.37,1.1873,400,40.5276,1741.4217,1781.9493,162.110,6965.687,7127.797,41348,48709,90057,4,+509.9093,1.4009
B2,"B2: 強国際 → B中速収束 (上から, ρ=0.80)",162.50,73.00,0.8,vldb,memo,103.37,0.5532,400,32.6166,1239.4234,1272.0400,130.466,4957.694,5088.160,41348,22757,64105,4,+0.0000,1.0000
B2,"B2: 強国際 → B中速収束 (上から, ρ=0.80)",162.50,73.00,0.8,vldb,lru,103.37,0.6520,400,34.0095,1317.2995,1351.3090,136.038,5269.198,5405.236,41348,26782,68130,4,+79.2689,1.0623
B2,"B2: 強国際 → B中速収束 (上から, ρ=0.80)",162.50,73.00,0.8,vldb,arc,103.37,0.6527,400,34.2125,1317.8252,1352.0377,136.850,5271.301,5408.151,41348,26809,68157,4,+79.9977,1.0629
C1,"C1: 国内発 → C緩グローバル化 (下から, ρ=0.92)",39.00,139.00,0.92,amazon0601,none,25.54,1.0102,500,30.5984,589.1395,619.7380,152.992,2945.698,3098.690,12772,15701,28473,5,+171.8220,1.3836
C1,"C1: 国内発 → C緩グローバル化 (下から, ρ=0.92)",39.00,139.00,0.92,amazon0601,memo,25.54,0.4612,500,28.1551,419.7609,447.9160,140.775,2098.804,2239.580,12772,7424,20196,5,+0.0000,1.0000
C1,"C1: 国内発 → C緩グローバル化 (下から, ρ=0.92)",39.00,139.00,0.92,amazon0601,lru,25.54,0.5471,500,28.5102,448.1807,476.6910,142.551,2240.904,2383.455,12772,8794,21566,5,+28.7750,1.0642
C1,"C1: 国内発 → C緩グローバル化 (下から, ρ=0.92)",39.00,139.00,0.92,amazon0601,arc,25.54,0.5397,500,28.4459,446.5349,474.9808,142.230,2232.675,2374.904,12772,8706,21478,5,+27.0648,1.0604
C1,"C1: 国内発 → C緩グローバル化 (下から, ρ=0.92)",39.00,139.00,0.92,vldb,none,103.37,1.1873,400,40.5276,2856.1361,2896.6637,162.110,11424.545,11586.655,41348,48709,90057,4,+830.5053,1.4020
C1,"C1: 国内発 → C緩グローバル化 (下から, ρ=0.92)",39.00,139.00,0.92,vldb,memo,103.37,0.5532,400,32.6166,2033.5418,2066.1584,130.466,8134.167,8264.634,41348,22757,64105,4,+0.0000,1.0000
C1,"C1: 国内発 → C緩グローバル化 (下から, ρ=0.92)",39.00,139.00,0.92,vldb,lru,103.37,0.6520,400,34.0095,2161.0679,2195.0774,136.038,8644.272,8780.310,41348,26782,68130,4,+128.9190,1.0624
C1,"C1: 国内発 → C緩グローバル化 (下から, ρ=0.92)",39.00,139.00,0.92,vldb,arc,103.37,0.6527,400,34.2125,2161.9140,2196.1265,136.850,8647.656,8784.506,41348,26809,68157,4,+129.9681,1.0629
C2,"C2: 国際深部 → C中速微調整 (上から, ρ=0.80)",185.00,139.00,0.8,amazon0601,none,25.54,1.0102,500,30.5984,832.9381,863.5366,152.992,4164.691,4317.683,12772,15701,28473,5,+245.0866,1.3963
C2,"C2: 国際深部 → C中速微調整 (上から, ρ=0.80)",185.00,139.00,0.8,amazon0601,memo,25.54,0.4612,500,28.1551,590.2949,618.4500,140.775,2951.475,3092.250,12772,7424,20196,5,+0.0000,1.0000
C2,"C2: 国際深部 → C中速微調整 (上から, ρ=0.80)",185.00,139.00,0.8,amazon0601,lru,25.54,0.5471,500,28.5102,630.3473,658.8575,142.551,3151.736,3294.288,12772,8794,21566,5,+40.4075,1.0653
C2,"C2: 国際深部 → C中速微調整 (上から, ρ=0.80)",185.00,139.00,0.8,amazon0601,arc,25.54,0.5397,500,28.4459,627.7307,656.1766,142.230,3138.653,3280.883,12772,8706,21478,5,+37.7266,1.0610
C2,"C2: 国際深部 → C中速微調整 (上から, ρ=0.80)",185.00,139.00,0.8,vldb,none,103.37,1.1873,400,40.5276,3179.7885,3220.3161,162.110,12719.154,12881.265,41348,48709,90057,4,+924.3264,1.4026
C2,"C2: 国際深部 → C中速微調整 (上から, ρ=0.80)",185.00,139.00,0.8,vldb,memo,103.37,0.5532,400,32.6166,2263.3731,2295.9897,130.466,9053.492,9183.959,41348,22757,64105,4,+0.0000,1.0000
C2,"C2: 国際深部 → C中速微調整 (上から, ρ=0.80)",185.00,139.00,0.8,vldb,lru,103.37,0.6520,400,34.0095,2405.5135,2439.5230,136.038,9622.054,9758.092,41348,26782,68130,4,+143.5333,1.0625
C2,"C2: 国際深部 → C中速微調整 (上から, ρ=0.80)",185.00,139.00,0.8,vldb,arc,103.37,0.6527,400,34.2125,2406.4687,2440.6812,136.850,9625.875,9762.725,41348,26809,68157,4,+144.6915,1.0630
