start,node,c,access,out_degree,dist_from_start,auth_fail_rate,contribution_pct
0,0,155,245,16,0,0.0,16.281512605042018
0,23073,23,45,18,1,0.0,2.4159663865546217
0,274042,22,48,9,1,0.0,2.310924369747899
0,123880,18,37,8,1,0.0,1.8907563025210083
0,edge_0_120044,16,0,0,-1,0.0,1.680672268907563
0,edge_0_369692,15,0,0,-1,0.0,1.5756302521008403
0,120044,15,34,11,1,0.0,1.5756302521008403
0,101215,14,30,8,1,0.0,1.4705882352941178
0,75503,14,28,14,1,0.0,1.4705882352941178
0,edge_0_123880,14,0,0,-1,0.0,1.4705882352941178
0,369692,13,15,7,1,0.0,1.365546218487395
0,206567,13,28,3,1,0.0,1.365546218487395
0,33971,12,28,16,1,0.0,1.2605042016806722
0,edge_0_2,12,0,0,-1,0.0,1.2605042016806722
0,edge_0_411025,12,0,0,-1,0.0,1.2605042016806722
0,1,11,24,12,1,0.0,1.1554621848739495
0,411025,11,24,2,1,0.0,1.1554621848739495
0,edge_0_206567,11,0,0,-1,0.0,1.1554621848739495
0,edge_0_101215,10,0,0,-1,0.0,1.050420168067227
0,edge_0_23073,10,0,0,-1,0.0,1.050420168067227
0,edge_0_1,9,0,0,-1,0.0,0.9453781512605042
0,edge_0_33971,9,0,0,-1,0.0,0.9453781512605042
0,edge_0_274042,9,0,0,-1,0.0,0.9453781512605042
0,78702,8,18,9,2,0.0,0.8403361344537815
0,edge_0_33043,8,0,0,-1,0.0,0.8403361344537815
0,edge_120044_206567,8,0,0,-1,0.0,0.8403361344537815
0,edge_0_124002,7,0,0,-1,0.0,0.7352941176470589
0,edge_101215_411025,6,0,0,-1,0.0,0.6302521008403361
0,33043,6,7,7,1,0.0,0.6302521008403361
0,edge_23073_274042,6,0,0,-1,0.0,0.6302521008403361
0,120039,6,7,5,2,0.0,0.6302521008403361
0,edge_0_75503,6,0,0,-1,0.0,0.6302521008403361
0,edge_0_413808,6,0,0,-1,0.0,0.6302521008403361
0,183636,5,10,6,3,0.0,0.5252100840336135
0,413808,5,14,3,1,0.0,0.5252100840336135
0,edge_0_4519,5,0,0,-1,0.0,0.5252100840336135
0,edge_120039_223135,5,0,0,-1,0.0,0.5252100840336135
0,124002,4,8,5,1,0.0,0.42016806722689076
0,edge_123880_369692,4,0,0,-1,0.0,0.42016806722689076
0,80743,4,7,5,2,0.0,0.42016806722689076
0,425505,4,8,1,4,0.0,0.42016806722689076
0,4519,4,8,5,1,0.0,0.42016806722689076
0,215179,4,10,3,2,0.0,0.42016806722689076
0,410410,4,8,3,3,0.0,0.42016806722689076
0,86133,4,7,5,4,0.0,0.42016806722689076
0,edge_123880_125170,4,0,0,-1,0.0,0.42016806722689076
0,edge_75503_123880,4,0,0,-1,0.0,0.42016806722689076
0,edge_75503_274042,4,0,0,-1,0.0,0.42016806722689076
0,edge_274042_369692,4,0,0,-1,0.0,0.42016806722689076
0,edge_50034_425505,4,0,0,-1,0.0,0.42016806722689076
0,362961,3,6,2,4,0.0,0.31512605042016806
0,390357,3,6,3,4,0.0,0.31512605042016806
0,146324,3,5,4,5,0.0,0.31512605042016806
0,169112,3,6,4,3,0.0,0.31512605042016806
0,35367,3,6,5,2,0.0,0.31512605042016806
0,375413,3,6,3,2,0.0,0.31512605042016806
0,19689,3,6,4,2,0.0,0.31512605042016806
0,241354,3,6,2,2,0.0,0.31512605042016806
0,73512,3,6,4,2,0.0,0.31512605042016806
0,170375,3,6,3,5,0.0,0.31512605042016806
0,103133,3,5,4,2,0.0,0.31512605042016806
0,199598,3,6,3,5,0.0,0.31512605042016806
0,edge_33971_101215,3,0,0,-1,0.0,0.31512605042016806
0,edge_362961_362962,3,0,0,-1,0.0,0.31512605042016806
0,edge_93422_120044,3,0,0,-1,0.0,0.31512605042016806
0,edge_375412_375413,3,0,0,-1,0.0,0.31512605042016806
0,223135,3,3,2,3,0.0,0.31512605042016806
0,edge_123880_274042,3,0,0,-1,0.0,0.31512605042016806
0,edge_274042_339527,3,0,0,-1,0.0,0.31512605042016806
0,edge_35367_274042,3,0,0,-1,0.0,0.31512605042016806
0,edge_23073_126488,3,0,0,-1,0.0,0.31512605042016806
0,edge_123880_254939,3,0,0,-1,0.0,0.31512605042016806
0,edge_123880_287903,3,0,0,-1,0.0,0.31512605042016806
0,edge_75503_401379,3,0,0,-1,0.0,0.31512605042016806
0,edge_124002_206567,3,0,0,-1,0.0,0.31512605042016806
1,1,219,274,58,0,0.2602739726027397,22.83628779979145
1,16408,16,29,13,1,0.125,1.6684045881126173
1,21502,14,21,11,1,0.21428571428571427,1.4598540145985401
1,320038,13,10,4,12,0.6153846153846154,1.3555787278415015
1,47489,12,12,8,1,0.3333333333333333,1.251303441084463
1,84805,12,22,9,1,0.08333333333333333,1.251303441084463
1,edge_1_229958,12,0,0,-1,0.0,1.251303441084463
1,9335,12,12,8,1,0.25,1.251303441084463
1,40548,11,14,3,1,0.45454545454545453,1.1470281543274243
1,29998,11,10,3,1,0.5454545454545454,1.1470281543274243
1,edge_1_44446,10,0,0,-1,0.4,1.0427528675703859
1,15432,9,13,7,1,0.2222222222222222,0.9384775808133472
1,194924,9,13,6,1,0.3333333333333333,0.9384775808133472
1,6580,8,12,7,3,0.25,0.8342022940563086
1,10095,7,8,5,2,0.42857142857142855,0.7299270072992701
1,229958,7,10,1,1,0.42857142857142855,0.7299270072992701
1,32476,7,10,4,2,0.2857142857142857,0.7299270072992701
1,33762,7,11,3,1,0.14285714285714285,0.7299270072992701
1,31096,7,10,6,1,0.2857142857142857,0.7299270072992701
1,229870,7,8,2,2,0.42857142857142855,0.7299270072992701
1,edge_1_10971,7,0,0,-1,0.42857142857142855,0.7299270072992701
1,edge_1_84805,7,0,0,-1,0.0,0.7299270072992701
1,311172,6,8,3,4,0.3333333333333333,0.6256517205422315
1,103133,6,11,7,1,0.0,0.6256517205422315
1,7852,6,9,6,1,0.16666666666666666,0.6256517205422315
1,126452,6,6,4,2,0.5,0.6256517205422315
1,edge_162643_193261,6,0,0,-1,0.3333333333333333,0.6256517205422315
1,edge_1_66243,6,0,0,-1,0.0,0.6256517205422315
1,edge_1_16408,6,0,0,-1,0.0,0.6256517205422315
1,edge_1_33762,6,0,0,-1,0.0,0.6256517205422315
1,edge_15432_29998,6,0,0,-1,0.0,0.6256517205422315
1,173256,5,6,3,1,0.6,0.5213764337851929
1,22970,5,10,5,1,0.2,0.5213764337851929
1,edge_1_47489,5,0,0,-1,0.0,0.5213764337851929
1,147060,5,10,5,7,0.0,0.5213764337851929
1,34418,5,5,4,11,0.4,0.5213764337851929
1,87027,5,10,5,2,0.0,0.5213764337851929
1,edge_1_193261,5,0,0,-1,0.0,0.5213764337851929
1,193261,5,6,2,1,0.0,0.5213764337851929
1,edge_1_9335,5,0,0,-1,0.0,0.5213764337851929
1,edge_1_113230,5,0,0,-1,0.4,0.5213764337851929
1,66243,4,6,1,1,0.25,0.4171011470281543
1,edge_28072_33762,4,0,0,-1,0.0,0.4171011470281543
1,33126,4,6,4,1,0.25,0.4171011470281543
1,179100,4,8,4,1,0.25,0.4171011470281543
1,25200,4,6,4,3,0.25,0.4171011470281543
1,edge_21502_92739,4,0,0,-1,0.0,0.4171011470281543
1,edge_1_63386,4,0,0,-1,0.5,0.4171011470281543
1,edge_1_7741,4,0,0,-1,0.5,0.4171011470281543
1,edge_1_194924,4,0,0,-1,0.0,0.4171011470281543
1,edge_1_49063,4,0,0,-1,0.0,0.4171011470281543
1,edge_1_81806,4,0,0,-1,0.25,0.4171011470281543
1,edge_1_162643,4,0,0,-1,0.25,0.4171011470281543
1,77067,4,1,2,2,0.75,0.4171011470281543
1,edge_1_86291,4,0,0,-1,0.5,0.4171011470281543
1,edge_9335_423805,4,0,0,-1,0.0,0.4171011470281543
1,edge_55439_153484,4,0,0,-1,0.5,0.4171011470281543
1,edge_111342_169616,4,0,0,-1,0.0,0.4171011470281543
1,edge_1_40548,4,0,0,-1,0.0,0.4171011470281543
1,72823,4,3,4,2,0.25,0.4171011470281543
1,173255,3,3,4,1,0.3333333333333333,0.31282586027111575
1,58209,3,2,2,3,0.6666666666666666,0.31282586027111575
1,164373,3,6,3,1,0.0,0.31282586027111575
1,37774,3,6,3,1,0.0,0.31282586027111575
1,423805,3,6,1,2,0.0,0.31282586027111575
1,153484,3,6,3,2,0.0,0.31282586027111575
1,111342,3,8,3,2,0.0,0.31282586027111575
1,155277,3,2,2,2,0.6666666666666666,0.31282586027111575
1,3881,3,7,4,2,0.0,0.31282586027111575
1,12238,3,4,3,1,0.3333333333333333,0.31282586027111575
1,48481,3,6,4,3,0.0,0.31282586027111575
1,28673,3,2,2,4,0.6666666666666666,0.31282586027111575
1,edge_1_92739,3,0,0,-1,0.0,0.31282586027111575
1,92739,3,5,3,1,0.3333333333333333,0.31282586027111575
1,edge_1_173256,3,0,0,-1,0.0,0.31282586027111575
1,edge_21502_32476,3,0,0,-1,0.0,0.31282586027111575
1,edge_1_22970,3,0,0,-1,0.0,0.31282586027111575
1,edge_1_164373,3,0,0,-1,0.0,0.31282586027111575
1,edge_1_5915,3,0,0,-1,0.0,0.31282586027111575
1,edge_1_179100,3,0,0,-1,0.0,0.31282586027111575
1,edge_1_12238,3,0,0,-1,0.0,0.31282586027111575
1,edge_1_37774,3,0,0,-1,0.0,0.31282586027111575
1,49063,3,3,4,1,0.0,0.31282586027111575
1,edge_310870_311172,3,0,0,-1,0.0,0.31282586027111575
1,edge_147060_193731,3,0,0,-1,0.3333333333333333,0.31282586027111575
1,edge_320038_320039,3,0,0,-1,0.0,0.31282586027111575
1,edge_1_92740,3,0,0,-1,0.3333333333333333,0.31282586027111575
1,edge_1_15432,3,0,0,-1,0.0,0.31282586027111575
1,edge_1_95874,3,0,0,-1,0.3333333333333333,0.31282586027111575
1,edge_40548_188108,3,0,0,-1,0.3333333333333333,0.31282586027111575
1,edge_194924_256333,3,0,0,-1,0.3333333333333333,0.31282586027111575
1,edge_1_16803,3,0,0,-1,0.3333333333333333,0.31282586027111575
1,edge_1_29998,3,0,0,-1,0.0,0.31282586027111575
1,edge_9335_229870,3,0,0,-1,0.0,0.31282586027111575
2,2,367,391,14,0,0.4141689373297003,35.76998050682261
2,16803,34,43,16,1,0.35294117647058826,3.313840155945419
2,edge_2_127771,31,0,0,-1,0.0,3.021442495126706
2,37678,30,36,17,1,0.4,2.9239766081871346
2,edge_2_93250,29,0,0,-1,0.0,2.8265107212475633
2,edge_2_75502,27,0,0,-1,0.37037037037037035,2.6315789473684212
2,33126,26,42,17,1,0.3076923076923077,2.53411306042885
2,edge_2_66305,24,0,0,-1,0.3333333333333333,2.3391812865497075
2,edge_2_6786,21,0,0,-1,0.3333333333333333,2.046783625730994
2,edge_0_2,19,0,0,-1,0.0,1.8518518518518519
2,0,18,25,9,1,0.3888888888888889,1.7543859649122806
2,edge_2_37678,15,0,0,-1,0.0,1.4619883040935673
2,edge_2_33126,15,0,0,-1,0.0,1.4619883040935673
2,edge_2_16803,15,0,0,-1,0.0,1.4619883040935673
2,edge_2_157374,14,0,0,-1,0.0,1.364522417153996
2,edge_2_23595,13,0,0,-1,0.3076923076923077,1.267056530214425
2,10078,12,16,7,2,0.4166666666666667,1.1695906432748537
2,369692,12,16,6,2,0.16666666666666666,1.1695906432748537
2,edge_2_97758,12,0,0,-1,0.4166666666666667,1.1695906432748537
2,93250,11,24,1,1,0.0,1.0721247563352827
2,127771,11,26,1,1,0.0,1.0721247563352827
2,10077,10,16,5,1,0.1,0.9746588693957114
2,edge_2_75213,10,0,0,-1,0.0,0.9746588693957114
2,edge_2_10077,10,0,0,-1,0.0,0.9746588693957114
2,369267,8,8,3,2,0.5,0.7797270955165692
2,23073,7,9,5,2,0.2857142857142857,0.682261208576998
2,74728,6,9,6,2,0.16666666666666666,0.5847953216374269
2,41345,6,2,3,2,0.6666666666666666,0.5847953216374269
2,157374,5,7,3,1,0.0,0.4873294346978557
2,313512,4,8,2,3,0.25,0.3898635477582846
2,edge_0_369692,4,0,0,-1,0.0,0.3898635477582846
2,146268,4,5,4,3,0.25,0.3898635477582846
2,142334,4,8,4,2,0.25,0.3898635477582846
2,75213,4,5,4,1,0.25,0.3898635477582846
2,edge_0_120044,4,0,0,-1,0.5,0.3898635477582846
2,276659,4,3,1,2,0.5,0.3898635477582846
2,edge_10078_237050,3,0,0,-1,0.3333333333333333,0.29239766081871343
2,edge_16803_17805,3,0,0,-1,0.0,0.29239766081871343
2,15824,3,2,2,5,0.6666666666666666,0.29239766081871343
2,edge_10077_25821,3,0,0,-1,0.3333333333333333,0.29239766081871343
2,edge_10077_10078,3,0,0,-1,0.0,0.29239766081871343
2,edge_37678_369267,3,0,0,-1,0.0,0.29239766081871343
2,edge_16803_276659,3,0,0,-1,0.0,0.29239766081871343
2,edge_75503_369692,3,0,0,-1,0.0,0.29239766081871343
3,3,180,267,10,0,0.16666666666666666,24.861878453038674
3,117331,32,45,7,1,0.3125,4.419889502762431
3,71407,26,42,15,1,0.34615384615384615,3.591160220994475
3,edge_3_58183,21,0,0,-1,0.3333333333333333,2.9005524861878453
3,18373,19,32,2,1,0.2631578947368421,2.6243093922651934
3,edge_3_71407,19,0,0,-1,0.0,2.6243093922651934
3,edge_3_18373,19,0,0,-1,0.0,2.6243093922651934
3,21946,16,21,9,1,0.4375,2.2099447513812156
3,edge_3_117331,16,0,0,-1,0.0,2.2099447513812156
3,edge_3_56565,16,0,0,-1,0.0,2.2099447513812156
3,10816,15,23,8,1,0.3333333333333333,2.0718232044198897
3,8808,14,19,10,2,0.2857142857142857,1.9337016574585635
3,edge_3_21946,13,0,0,-1,0.0,1.7955801104972375
3,edge_3_59273,13,0,0,-1,0.0,1.7955801104972375
3,15821,12,16,9,1,0.5,1.6574585635359116
3,edge_3_15821,12,0,0,-1,0.0,1.6574585635359116
3,edge_3_10816,12,0,0,-1,0.0,1.6574585635359116
3,edge_3_34140,11,0,0,-1,0.0,1.5193370165745856
3,59273,10,24,8,1,0.1,1.3812154696132597
3,56565,9,21,7,1,0.1111111111111111,1.2430939226519337
3,34140,8,12,7,1,0.25,1.1049723756906078
3,9912,7,10,5,2,0.2857142857142857,0.9668508287292817
3,edge_8808_18373,7,0,0,-1,0.0,0.9668508287292817
3,35874,6,8,4,3,0.5,0.8287292817679558
3,edge_101750_117331,6,0,0,-1,0.3333333333333333,0.8287292817679558
3,382103,4,6,2,2,0.25,0.5524861878453039
3,376192,4,8,2,4,0.0,0.5524861878453039
3,edge_117331_225616,4,0,0,-1,0.0,0.5524861878453039
3,edge_15821_117331,4,0,0,-1,0.0,0.5524861878453039
3,edge_7368_10816,4,0,0,-1,0.0,0.5524861878453039
3,edge_183380_376192,4,0,0,-1,0.25,0.5524861878453039
3,7368,3,8,2,2,0.0,0.4143646408839779
3,157889,3,6,2,3,0.0,0.4143646408839779
3,54246,3,4,3,2,0.3333333333333333,0.4143646408839779
3,180361,3,4,3,2,0.3333333333333333,0.4143646408839779
3,364212,3,4,3,2,0.3333333333333333,0.4143646408839779
3,363914,3,4,1,3,0.3333333333333333,0.4143646408839779
3,edge_22531_117331,3,0,0,-1,0.0,0.4143646408839779
3,edge_56565_119400,3,0,0,-1,0.0,0.4143646408839779
3,edge_71407_382103,3,0,0,-1,0.0,0.4143646408839779
3,edge_53611_382103,3,0,0,-1,0.0,0.4143646408839779
3,edge_33969_157889,3,0,0,-1,0.0,0.4143646408839779
3,13013,3,3,4,3,0.0,0.4143646408839779
3,edge_9912_363914,3,0,0,-1,0.0,0.4143646408839779
3,edge_8046_9912,3,0,0,-1,0.0,0.4143646408839779
