graph,rtt_pattern,rtt_ms,policy,walk_per_start_s,sim_per_start_s,total_per_start_s,hop_count_avg,auth_calls_avg,hit_rate,diff_vs_lru_s
amazon0601,close,10,none,30.5984,56.9460,87.5444,2554.40,3140.20,0.0000,+15.9022
amazon0601,close,10,memo,28.1551,40.3920,68.5471,2554.40,1484.80,0.5272,-3.0951
amazon0601,close,10,lru,28.5102,43.1320,71.6422,2554.40,1758.80,0.4399,+0.0000
amazon0601,close,10,arc,28.4459,42.9560,71.4019,2554.40,1741.20,0.4455,-0.2403
amazon0601,close,10,BFS_K=3,30.5984,45.6500,76.2484,2554.40,2010.60,0.3597,+4.6062
amazon0601,close,10,BFS_K=5,30.5984,42.9920,73.5904,2554.40,1744.80,0.4444,+1.9482
amazon0601,close,10,BFS_K=7,30.5984,41.5540,72.1524,2554.40,1601.00,0.4902,+0.5102
amazon0601,close,10,BFS_K=10,30.5984,40.1060,70.7044,2554.40,1456.20,0.5363,-0.9378
amazon0601,close,10,BFS_K=15,30.5984,39.6980,70.2964,2554.40,1415.40,0.5493,-1.3458
amazon0601,close,10,BFS-Score(top100),30.5984,45.4040,76.0024,2554.40,1986.00,0.3676,+4.3602
amazon0601,close,10,BFS-Score(top200),30.5984,42.3280,72.9264,2554.40,1678.40,0.4655,+1.2842
amazon0601,close,10,BFS-Score(top500),30.5984,35.9660,66.5644,2554.40,1042.20,0.6681,-5.0778
amazon0601,mid,60,none,30.5984,341.6760,372.2744,2554.40,3140.20,0.0000,+84.9722
amazon0601,mid,60,memo,28.1551,242.3520,270.5071,2554.40,1484.80,0.5272,-16.7951
amazon0601,mid,60,lru,28.5102,258.7920,287.3022,2554.40,1758.80,0.4399,+0.0000
amazon0601,mid,60,arc,28.4459,257.7360,286.1819,2554.40,1741.20,0.4455,-1.1203
amazon0601,mid,60,BFS_K=3,30.5984,273.9000,304.4984,2554.40,2010.60,0.3597,+17.1962
amazon0601,mid,60,BFS_K=5,30.5984,257.9520,288.5504,2554.40,1744.80,0.4444,+1.2482
amazon0601,mid,60,BFS_K=7,30.5984,249.3240,279.9224,2554.40,1601.00,0.4902,-7.3798
amazon0601,mid,60,BFS_K=10,30.5984,240.6360,271.2344,2554.40,1456.20,0.5363,-16.0678
amazon0601,mid,60,BFS_K=15,30.5984,238.1880,268.7864,2554.40,1415.40,0.5493,-18.5158
amazon0601,mid,60,BFS-Score(top100),30.5984,272.4240,303.0224,2554.40,1986.00,0.3676,+15.7202
amazon0601,mid,60,BFS-Score(top200),30.5984,253.9680,284.5664,2554.40,1678.40,0.4655,-2.7358
amazon0601,mid,60,BFS-Score(top500),30.5984,215.7960,246.3944,2554.40,1042.20,0.6681,-40.9078
amazon0601,far,200,none,30.5984,1138.9200,1169.5184,2554.40,3140.20,0.0000,+278.3682
amazon0601,far,200,memo,28.1551,807.8400,835.9951,2554.40,1484.80,0.5272,-55.1551
amazon0601,far,200,lru,28.5102,862.6400,891.1502,2554.40,1758.80,0.4399,+0.0000
amazon0601,far,200,arc,28.4459,859.1200,887.5659,2554.40,1741.20,0.4455,-3.5843
amazon0601,far,200,BFS_K=3,30.5984,913.0000,943.5984,2554.40,2010.60,0.3597,+52.4482
amazon0601,far,200,BFS_K=5,30.5984,859.8400,890.4384,2554.40,1744.80,0.4444,-0.7118
amazon0601,far,200,BFS_K=7,30.5984,831.0800,861.6784,2554.40,1601.00,0.4902,-29.4718
amazon0601,far,200,BFS_K=10,30.5984,802.1200,832.7184,2554.40,1456.20,0.5363,-58.4318
amazon0601,far,200,BFS_K=15,30.5984,793.9600,824.5584,2554.40,1415.40,0.5493,-66.5918
amazon0601,far,200,BFS-Score(top100),30.5984,908.0800,938.6784,2554.40,1986.00,0.3676,+47.5282
amazon0601,far,200,BFS-Score(top200),30.5984,846.5600,877.1584,2554.40,1678.40,0.4655,-13.9918
amazon0601,far,200,BFS-Score(top500),30.5984,719.3200,749.9184,2554.40,1042.20,0.6681,-141.2318
vldb,close,10,none,40.5276,225.1425,265.6701,10337.00,12177.25,0.0000,+61.3356
vldb,close,10,memo,32.6166,160.2625,192.8791,10337.00,5689.25,0.5328,-11.4554
vldb,close,10,lru,34.0095,170.3250,204.3345,10337.00,6695.50,0.4502,+0.0000
vldb,close,10,arc,34.2125,170.3925,204.6050,10337.00,6702.25,0.4496,+0.2705
vldb,close,10,BFS_K=3,40.5276,198.7475,239.2751,10337.00,9537.75,0.2168,+34.9406
vldb,close,10,BFS_K=5,40.5276,184.2475,224.7751,10337.00,8087.75,0.3358,+20.4406
vldb,close,10,BFS_K=7,40.5276,176.3875,216.9151,10337.00,7301.75,0.4004,+12.5806
vldb,close,10,BFS_K=10,40.5276,168.9150,209.4426,10337.00,6554.50,0.4617,+5.1081
vldb,close,10,BFS_K=15,40.5276,163.8050,204.3326,10337.00,6043.50,0.5037,-0.0019
vldb,close,10,BFS-Score(top100),40.5276,201.6400,242.1676,10337.00,9827.00,0.1930,+37.8331
vldb,close,10,BFS-Score(top200),40.5276,193.3050,233.8326,10337.00,8993.50,0.2615,+29.4981
vldb,close,10,BFS-Score(top500),40.5276,178.4775,219.0051,10337.00,7510.75,0.3832,+14.6706
vldb,mid,60,none,40.5276,1350.8550,1391.3826,10337.00,12177.25,0.0000,+335.4231
vldb,mid,60,memo,32.6166,961.5750,994.1916,10337.00,5689.25,0.5328,-61.7679
vldb,mid,60,lru,34.0095,1021.9500,1055.9595,10337.00,6695.50,0.4502,+0.0000
vldb,mid,60,arc,34.2125,1022.3550,1056.5675,10337.00,6702.25,0.4496,+0.6080
vldb,mid,60,BFS_K=3,40.5276,1192.4850,1233.0126,10337.00,9537.75,0.2168,+177.0531
vldb,mid,60,BFS_K=5,40.5276,1105.4850,1146.0126,10337.00,8087.75,0.3358,+90.0531
vldb,mid,60,BFS_K=7,40.5276,1058.3250,1098.8526,10337.00,7301.75,0.4004,+42.8931
vldb,mid,60,BFS_K=10,40.5276,1013.4900,1054.0176,10337.00,6554.50,0.4617,-1.9419
vldb,mid,60,BFS_K=15,40.5276,982.8300,1023.3576,10337.00,6043.50,0.5037,-32.6019
vldb,mid,60,BFS-Score(top100),40.5276,1209.8400,1250.3676,10337.00,9827.00,0.1930,+194.4081
vldb,mid,60,BFS-Score(top200),40.5276,1159.8300,1200.3576,10337.00,8993.50,0.2615,+144.3981
vldb,mid,60,BFS-Score(top500),40.5276,1070.8650,1111.3926,10337.00,7510.75,0.3832,+55.4331
vldb,far,200,none,40.5276,4502.8500,4543.3776,10337.00,12177.25,0.0000,+1102.8681
vldb,far,200,memo,32.6166,3205.2500,3237.8666,10337.00,5689.25,0.5328,-202.6429
vldb,far,200,lru,34.0095,3406.5000,3440.5095,10337.00,6695.50,0.4502,+0.0000
vldb,far,200,arc,34.2125,3407.8500,3442.0625,10337.00,6702.25,0.4496,+1.5530
vldb,far,200,BFS_K=3,40.5276,3974.9500,4015.4776,10337.00,9537.75,0.2168,+574.9681
vldb,far,200,BFS_K=5,40.5276,3684.9500,3725.4776,10337.00,8087.75,0.3358,+284.9681
vldb,far,200,BFS_K=7,40.5276,3527.7500,3568.2776,10337.00,7301.75,0.4004,+127.7681
vldb,far,200,BFS_K=10,40.5276,3378.3000,3418.8276,10337.00,6554.50,0.4617,-21.6819
vldb,far,200,BFS_K=15,40.5276,3276.1000,3316.6276,10337.00,6043.50,0.5037,-123.8819
vldb,far,200,BFS-Score(top100),40.5276,4032.8000,4073.3276,10337.00,9827.00,0.1930,+632.8181
vldb,far,200,BFS-Score(top200),40.5276,3866.1000,3906.6276,10337.00,8993.50,0.2615,+466.1181
vldb,far,200,BFS-Score(top500),40.5276,3569.5500,3610.0776,10337.00,7510.75,0.3832,+169.5681
